Batch,SwitchTime,ErrorRate,MeanLatency,P95,P99
1,.554315395,9,,,
2,21.808365592,7,,,
3,21.731516116,10,,,
